rate,Share
1929.758703174159,0.9801
5989.142782124094,0.0133
10048.52686107403,0.0025
14107.910940023965,0.0013
18167.295018973902,0.001
22226.679097923836,0.0004
26286.063176873773,0.0005
30345.447255823707,0.0001
34404.83133477364,0.0001
38464.21541372358,0.0001
62820.51988742319,0.0001
70939.28804532308,0.0001
95295.59251902267,0.0001
103414.36067692254,0.0001
107473.7447558725,0.0001
200839.57857172098,0.0001
