rate,Share
12458.812685523795,0.992
37576.39536743748,0.0042
62693.97804935115,0.0009
87811.56073126484,0.0014
112929.14341317852,0.0003
138046.7260950922,0.0002
163164.30877700588,0.0004
188281.89145891956,0.0001
238517.05682274693,0.0001
439457.71827805636,0.0001
464575.3009599701,0.0002
1243220.3640992942,0.0001
